dimension,backend,time
16,numpy,3.0016361658927053
16,jax,0.4138855414930731
32,numpy,25.562104042153805
32,jax,0.6259107914520428
64,numpy,195.2122455420904
64,jax,2.7207310419762505
128,numpy,1548.3860345841385
128,jax,20.509063583565875
256,numpy,12317.48682332015
256,jax,160.3297434580326
512,numpy,128523.87432146072
512,jax,1280.0617283945062

